-- phpMyAdmin SQL Dump
-- version 4.0.10deb1
-- http://www.phpmyadmin.net
--
-- Хост: localhost
-- Час створення: Лип 09 2014 р., 12:21
-- Версія сервера: 5.5.37-0ubuntu0.14.04.1
-- Версія PHP: 5.5.9-1ubuntu4.2

SET SQL_MODE = "NO_AUTO_VALUE_ON_ZERO";
SET time_zone = "+00:00";


/*!40101 SET @OLD_CHARACTER_SET_CLIENT=@@CHARACTER_SET_CLIENT */;
/*!40101 SET @OLD_CHARACTER_SET_RESULTS=@@CHARACTER_SET_RESULTS */;
/*!40101 SET @OLD_COLLATION_CONNECTION=@@COLLATION_CONNECTION */;
/*!40101 SET NAMES utf8 */;

--
-- База даних: `toaster`
--

-- --------------------------------------------------------

--
-- Структура таблиці `answers1`
--

CREATE TABLE IF NOT EXISTS `answers1` (
  `id` int(11) NOT NULL AUTO_INCREMENT COMMENT 'serial',
  `qid` int(11) NOT NULL COMMENT 'serial_of_question',
  `answer` text CHARACTER SET utf8 COLLATE utf8_unicode_ci NOT NULL COMMENT 'text_of_answer',
  `mright` tinyint(1) NOT NULL COMMENT 'right?',
  PRIMARY KEY (`id`)
) ENGINE=InnoDB  DEFAULT CHARSET=latin1 AUTO_INCREMENT=231 ;

--
-- Дамп даних таблиці `answers1`
--

INSERT INTO `answers1` (`id`, `qid`, `answer`, `mright`) VALUES
(33, 28, 'Їсть', 1),
(34, 28, 'Спить', 1),
(35, 28, 'Вчиться', 0),
(36, 28, 'Гуляє', 1),
(37, 29, 'It', 1),
(38, 29, 'must', 1),
(39, 29, 'work', 1),
(40, 34, 'Сонце', 1),
(41, 34, 'Річка', 1),
(42, 34, 'Травичка', 1),
(43, 34, 'Машина', 0),
(44, 35, 'Мат. плата', 1),
(45, 35, 'Процесор', 1),
(46, 35, 'Сонце', 0),
(47, 36, 'Лінь', 0),
(48, 36, 'Знання', 1),
(49, 39, 'Дерево', 1),
(50, 39, 'Машина', 0),
(51, 39, 'Квітка', 1),
(52, 39, 'Кіт', 1),
(53, 40, 'метод', 0),
(54, 40, 'атрибут класу', 1),
(55, 40, 'функція', 0),
(56, 40, 'конструктор', 0),
(57, 40, 'деструктор', 0),
(58, 41, 'Визначити вхідні та вихідні значення', 1),
(59, 41, 'Побудувати діаграму потоків даних', 1),
(60, 41, 'Описати функції та обмеження', 1),
(61, 41, 'Сформулювати критерії оптимізації', 1),
(62, 41, 'Уточнити набір операцій в об`єктній моделі', 1),
(63, 41, 'Скласти інформаційну модель', 0),
(64, 42, 'визначення архітектури програмної системи', 1),
(65, 42, 'програмування програмних модулів', 1),
(66, 42, 'послідовність викликів методів обєктів', 1),
(67, 42, 'побудова інтерфейсу програми', 0),
(68, 42, 'аналіз постановки задачі', 0),
(69, 42, 'виявлення паралелізму у системі', 0),
(70, 43, 'для  обмеження доступу до атрибутів  та методів', 1),
(71, 43, 'лише для багаторівневого наслідування', 0),
(72, 43, 'тільки для одиночного наслідування', 0),
(73, 43, 'тільки для множинного наслідування', 0),
(74, 44, 'Мінімальний набір атрибутів, які однозначно ідентифікують об`єкт чи зв`язок', 1),
(75, 44, 'Метасимволи пакета регулярних виразів', 0),
(76, 44, 'Методи регулювання взаємодій між об`єктами', 0),
(77, 44, 'Механізм функціонування об`єктів', 0),
(78, 45, 'предметна область', 1),
(79, 45, 'дані', 0),
(80, 45, 'модель даних', 0),
(81, 45, 'СКБД', 0),
(82, 45, 'інформація', 0),
(83, 45, 'алгоритм', 0),
(84, 46, 'Дії та об`єкти', 1),
(85, 46, 'Умови та дії', 0),
(86, 46, 'Події та стани', 1),
(87, 47, 'Детермінованість подій одного об`єкта', 0),
(88, 47, 'Вплив стану об`єкта на його дії', 0),
(89, 47, 'Послідовність подій конкретного виконання системи', 0),
(90, 47, 'Засоби для опису змін об`єкта', 0),
(91, 47, 'Спосіб обєднання атрибутів і методів для формування обєкту з визначенням правил доступу до них', 1),
(92, 48, 'багаторівневе', 1),
(93, 48, 'стрибкоподібне', 0),
(94, 48, 'одиночне (просте)', 1),
(95, 48, 'множинне', 1),
(96, 48, 'паралельне', 0),
(97, 48, 'симетричне', 0),
(98, 49, 'Ідентифікація', 0),
(99, 49, 'Інкапсуляція', 1),
(100, 49, 'Транзитивність', 0),
(101, 49, 'Поліморфізм', 0),
(102, 50, 'Дія над об`єктами', 0),
(103, 50, 'Логічна (булева) функція від значень об`єктів', 1),
(104, 50, 'Операція над атрибутами об`єктів', 0),
(105, 50, 'Діаграма станів', 0),
(106, 51, 'Операцій', 0),
(107, 51, 'Методів', 0),
(108, 51, 'Об`єктів', 1),
(109, 51, 'Підкласів', 0),
(110, 52, 'звязування виклику метода  з його визначенням на етапі  компіляції', 1),
(111, 52, 'звязування виклику метода  з його визначенням на етапі  виконання', 0),
(112, 52, 'встановлення залежності між класами', 0),
(113, 53, 'Дані, які є специфічними для потоку', 0),
(114, 53, 'Механізм реалізації пересилки операції від одного об`єкта до другого', 1),
(115, 53, 'Механізм отримання індексу обробки', 0),
(116, 53, 'Вибір власного батьківського класу', 0),
(117, 54, 'до реалізації поліморфізму', 1),
(118, 54, 'до перевантаження ОС при виключних ситуаціях', 0),
(119, 54, 'до визначення двох і більше методів з однаковими назвами, але різними списками аргументів', 1),
(120, 55, 'ключовий атрибут', 0),
(121, 55, 'звязок', 0),
(122, 55, 'властивість', 0),
(123, 55, 'ідентифікатор', 1),
(124, 55, 'модель даних', 0),
(125, 56, 'Динамічна структура даних', 0),
(126, 56, 'Показник на стек', 0),
(127, 56, 'Тип даних ', 1),
(128, 56, 'Предметна область', 0),
(129, 57, 'Передають інформацію з одного об`єкта на інший', 0),
(130, 57, 'Є незалежними', 0),
(131, 57, 'Є залежними', 0),
(132, 57, 'Є операціями', 1),
(133, 58, 'Запит, дія, активність', 1),
(134, 58, 'Диз`юнкція, кон`юнкція', 0),
(135, 59, 'звязування виклику метода з визначенням метода на етопі компіляції  проекту', 0),
(136, 59, 'підключення модулів із стандартних бібліотек', 0),
(137, 59, 'звязування виклику метода з визначенням метода на етопі  виконання проекту', 1),
(138, 60, 'для  класів з залежністю агрегації', 0),
(139, 60, 'для класів з залежністю композиції', 0),
(140, 60, 'для класів з залежністю успадкування', 1),
(141, 61, 'Сукупності задач', 0),
(142, 61, 'Діаграм станів  обєктів системи і підсистем', 1),
(143, 61, 'Діаграми потоків даних', 0),
(144, 61, 'Множини паралельних моделей', 0),
(145, 62, 'Множину функцій', 0),
(146, 62, 'Параметричну залежність', 0),
(147, 62, 'Обчислення в системі', 1),
(148, 62, 'Абстрактні дані', 0),
(149, 63, 'Діаграмою станів', 0),
(150, 63, 'Діаграмою класів', 1),
(151, 63, 'Діаграмою рівнів', 0),
(152, 63, 'Діаграмою взаємодії', 0),
(153, 64, 'визначення обєктів і класів', 1),
(154, 64, 'опис роботи окремих частин системи', 0),
(155, 64, 'підготовка словника даних', 1),
(156, 64, 'визначення залежностей між обєктами', 1),
(157, 64, 'визначення атрибутів  обєктів і методів', 1),
(158, 64, 'опис взаємодії окремих частин системи( як за даними так і по управліню) ів процесі її роботи', 0),
(159, 65, 'визначити вхідні та вихідні значення', 1),
(160, 65, 'побудова діаграм потоку даних', 1),
(161, 65, 'опис функцій та уточнення набору операцій', 1),
(162, 65, 'опис обмежень', 1),
(163, 65, 'визначення критеріїв оптимізації', 0),
(164, 65, 'визначення залежностей між класами', 0),
(165, 66, 'Зв`язаних об`єктів', 0),
(166, 66, 'Успадкованих подій', 0),
(167, 66, 'Діаграм станів її об`єктів та підсистем', 1),
(168, 66, 'Операцій між атрибутами об`єктів', 0),
(169, 67, 'клас - нащадок', 0),
(170, 67, 'клас - предок', 0),
(171, 67, 'клас, який не може мати обєктів ( екземплярів)', 1),
(172, 68, 'інкапсуляції', 0),
(173, 68, 'успадкування', 0),
(174, 68, 'поліморфізму', 0),
(175, 68, 'агрегації', 1),
(176, 69, 'Object pascal', 0),
(177, 69, 'Ci', 0),
(178, 69, 'C++', 1),
(179, 69, 'Java', 0),
(180, 69, 'C#', 0),
(181, 70, 'стан об`єктів та зв`язків', 1),
(182, 70, 'процес', 0),
(183, 70, 'звязок', 0),
(184, 70, 'абстракція', 0),
(185, 70, 'відношення', 0),
(186, 71, 'Процеси, які змінюють дані, потоки значень', 1),
(187, 71, 'Бази даних', 0),
(188, 71, 'Семантику даних', 0),
(189, 71, 'Аплети', 0),
(190, 72, 'Відображення між двома залежностями', 1),
(191, 72, 'Метаклас для декількох атрибутів', 0),
(192, 72, 'Фільтрація зображень', 0),
(193, 72, 'Організація оболонок динамічних об`єктів', 0),
(194, 73, 'Взаємообмін між класами', 0),
(195, 73, 'Реалізація своїх власних діалогів', 0),
(196, 73, 'Значення, яке характеризує об`єкт у його класі', 1),
(197, 73, 'Дія обробки помилки', 0),
(198, 74, 'подудову обєктної моделі', 0),
(199, 74, 'побудову динамічної моделі', 0),
(200, 74, 'розбивку системи на модулі', 1),
(201, 74, 'керування сховищами даних і глобальними ресурсами', 1),
(202, 74, 'побудову функціональної моделі', 0),
(203, 74, 'вибір принципу реалізаціїї керування ПЗ і обробку виключних ситуацій', 1),
(204, 75, 'підприємство', 1),
(205, 75, 'вуз', 1),
(206, 75, 'міністерство', 1),
(207, 75, 'бібліотека', 1),
(208, 75, 'книга', 0),
(209, 75, 'договір', 0),
(210, 76, 'метод, який ініціалізує атрибути класу', 1),
(211, 76, 'властивість обєкту', 0),
(212, 76, 'функція, яка вивільняє ресурси', 0),
(213, 77, 'Елемент даних, який включає свої власні методи', 1),
(214, 77, 'Предмет, явище, подія, поняття яке має імя, характеристики та стан', 1),
(215, 77, 'Економічна категорія складної системи', 0),
(216, 77, 'Виробничі відносини у процесі аналізу елементів систем', 0),
(217, 78, 'метод базового класу, який не може бути викликаний', 1),
(218, 78, 'метод, який не повинен містити команди, так, як вони містяться в перевизначеному методі', 1),
(219, 78, 'віртуальний метод', 0),
(220, 78, 'перевизначена функція', 0),
(221, 79, 'віртуальні функції', 1),
(222, 79, 'абстрактні методи', 0),
(223, 79, 'перевантаження методів', 1),
(224, 80, 'агрегації', 0),
(225, 80, 'успадкування', 1),
(226, 80, 'гомоморфізму', 0),
(227, 82, 'Одна і та сама операція може вживатись до обєктів багатьох класів', 1),
(228, 82, 'Аргументи функції є покажчиками', 0),
(229, 82, 'Додаються два або більше об`єктів одного класу', 0),
(230, 82, 'Існує значення за замовчуванням', 0);

-- --------------------------------------------------------

--
-- Структура таблиці `answers2`
--

CREATE TABLE IF NOT EXISTS `answers2` (
  `id` int(11) NOT NULL AUTO_INCREMENT COMMENT 'serial',
  `qid` int(11) NOT NULL COMMENT 'serial_of_question',
  `answer` tinyint(1) NOT NULL COMMENT 'answer(true/false)',
  PRIMARY KEY (`id`)
) ENGINE=InnoDB  DEFAULT CHARSET=latin1 AUTO_INCREMENT=14 ;

--
-- Дамп даних таблиці `answers2`
--

INSERT INTO `answers2` (`id`, `qid`, `answer`) VALUES
(7, 26, 0),
(8, 30, 1),
(9, 31, 1),
(10, 32, 1),
(11, 33, 0),
(12, 37, 0),
(13, 81, 0);

-- --------------------------------------------------------

--
-- Структура таблиці `answers3`
--

CREATE TABLE IF NOT EXISTS `answers3` (
  `id` int(11) NOT NULL AUTO_INCREMENT COMMENT 'serial',
  `qid` int(11) NOT NULL COMMENT 'serial_of_question',
  `answer` text CHARACTER SET utf8 COLLATE utf8_unicode_ci NOT NULL COMMENT 'text_of_variation',
  `side` tinyint(1) NOT NULL COMMENT 'true-left; false-right;',
  PRIMARY KEY (`id`)
) ENGINE=InnoDB  DEFAULT CHARSET=latin1 AUTO_INCREMENT=25 ;

--
-- Дамп даних таблиці `answers3`
--

INSERT INTO `answers3` (`id`, `qid`, `answer`, `side`) VALUES
(11, 27, 'на екзамені', 1),
(12, 27, 'на парі', 1),
(13, 27, 'вдома', 1),
(14, 27, 'як списати', 0),
(15, 27, 'ні про що', 0),
(16, 27, 'не про коледж', 0),
(17, 27, 'про певний предмет', 0),
(18, 38, 'Україна', 1),
(19, 38, 'Росія', 1),
(20, 38, 'Польща', 1),
(21, 38, 'Київ', 0),
(22, 38, 'Москва', 0),
(23, 38, 'Варшава', 0),
(24, 38, 'Будапешт', 0);

-- --------------------------------------------------------

--
-- Структура таблиці `groups`
--

CREATE TABLE IF NOT EXISTS `groups` (
  `id` int(11) NOT NULL AUTO_INCREMENT COMMENT 'серійний групи',
  `name` text CHARACTER SET utf8 COLLATE utf8_unicode_ci NOT NULL COMMENT 'назва групи',
  PRIMARY KEY (`id`)
) ENGINE=InnoDB  DEFAULT CHARSET=latin1 COMMENT='Таблиця груп' AUTO_INCREMENT=11 ;

--
-- Дамп даних таблиці `groups`
--

INSERT INTO `groups` (`id`, `name`) VALUES
(8, 'ПР-112'),
(10, 'ПР-111');

-- --------------------------------------------------------

--
-- Структура таблиці `questions`
--

CREATE TABLE IF NOT EXISTS `questions` (
  `id` int(11) NOT NULL AUTO_INCREMENT COMMENT 'serial',
  `idtest` int(11) NOT NULL COMMENT 'id_test_for',
  `cond` text CHARACTER SET utf8 COLLATE utf8_unicode_ci NOT NULL COMMENT 'condition',
  `qtype` tinyint(11) NOT NULL COMMENT '1-standart_2-logical_3-conformity',
  PRIMARY KEY (`id`)
) ENGINE=InnoDB  DEFAULT CHARSET=latin1 AUTO_INCREMENT=83 ;

--
-- Дамп даних таблиці `questions`
--

INSERT INTO `questions` (`id`, `idtest`, `cond`, `qtype`) VALUES
(26, 71, 'Студент виспався?', 2),
(27, 71, 'Лінивий студент думає..', 3),
(28, 71, 'Чим займається лінивий студент?', 1),
(29, 71, 'Сподіваюсь..', 1),
(30, 72, 'Все', 2),
(31, 72, 'повинно', 2),
(32, 72, 'спрацювати', 2),
(33, 72, 'чи ні?', 2),
(34, 73, 'Природа', 1),
(35, 73, 'Компютер:', 1),
(36, 73, 'Студент', 1),
(37, 75, 'Чи є об''єкт та клас еквівалентними поняттями?', 2),
(38, 75, 'Встановити відповідність:', 3),
(39, 75, 'Жива природа:', 1),
(40, 77, 'Змінна екземпляра (обєкту) це', 1),
(41, 77, 'Для конструювання функціональної моделі необхідно:', 1),
(42, 77, 'Обєктно  - орієнтоване програмування включає', 1),
(43, 77, 'Правила успадкування  передбачають використання специфікаторів доступу', 1),
(44, 77, 'Можливим ключем називається:', 1),
(45, 77, 'Частина реального світу, що підлягає вивченню з метою організації керування, і у кінцевому рахунку - автоматизаціії називається:', 1),
(46, 77, 'Діаграма станів зв`язує:', 1),
(47, 77, 'Інкапсуляцією  називається:', 1),
(48, 77, 'Успадкування є', 1),
(49, 77, 'Найважливішою властивістю відношення агрегації є:', 1),
(50, 77, 'Умова - це:', 1),
(51, 77, 'Абстрактний клас не може мати:', 1),
(52, 77, 'Раннє звязування - це', 1),
(53, 77, 'Делегуванням називається:', 1),
(54, 77, 'Перевантаження це підхід', 1),
(55, 77, 'Множина з одного або декількох атрибутів, значення яких однозначно визначають кожний екземпляр об`єкта, називається:', 1),
(56, 77, 'Клас це - ...', 1),
(57, 77, 'Події в динамічній моделі:', 1),
(58, 77, 'Нетривіальні операції над об`єктами - це:', 1),
(59, 77, 'Пізнє звязування це', 1),
(60, 77, 'Тест "is  a"  актуальним є', 1),
(61, 77, 'Динамічна модель складається з:', 1),
(62, 77, 'Функціональна модель описує:', 1),
(63, 77, 'Обєктна модель задачі зображується', 1),
(64, 77, 'Розробка обєктної моделі вклюає такі дії:', 1),
(65, 77, 'Розробка функціональної моделі вклюає такі дії:', 1),
(66, 77, 'Динамічна модель складається з:', 1),
(67, 77, 'Абстрактний клас - це', 1),
(68, 77, 'Композиція є окремим випадком', 1),
(69, 77, 'Множинне наслідування підтримується мовами програмування', 1),
(70, 77, 'Дії, які відбуваються з обєктом в тому чи іншому стані, і можуть бути підпорядковані конкретним правилам поведінки, це:', 1),
(71, 77, 'Діаграма потоків даних містить:', 1),
(72, 77, 'Гомоморфізм - це:', 1),
(73, 77, 'Атрибут обєкта:', 1),
(74, 77, 'Обєктно - орієнтоване проектування включає', 1),
(75, 77, 'Прикладами предметної області є:', 1),
(76, 77, 'Конструктор це', 1),
(77, 77, 'Обєкт являє собою:', 1),
(78, 77, 'Абстрактний метод це:', 1),
(79, 77, 'Поліморфізм реалізується через', 1),
(80, 77, 'Принцип поліморфізму характерний для класів, що  мають залежність', 1),
(81, 77, 'Імена атрибутів  в ієрархії класів можуть дублюватись?', 2),
(82, 77, 'Операція називається поліморфною, коли:', 1);

-- --------------------------------------------------------

--
-- Структура таблиці `results`
--

CREATE TABLE IF NOT EXISTS `results` (
  `idsession` int(11) NOT NULL,
  `mark` float NOT NULL COMMENT 'оцінка в вигляді дробу < 1'
) ENGINE=InnoDB DEFAULT CHARSET=latin1 COMMENT='Таблиця результатів сесій';

-- --------------------------------------------------------

--
-- Структура таблиці `subjects`
--

CREATE TABLE IF NOT EXISTS `subjects` (
  `id` int(11) NOT NULL AUTO_INCREMENT COMMENT 'serial',
  `sname` text CHARACTER SET utf8 COLLATE utf8_unicode_ci NOT NULL COMMENT 'name_of_subject',
  PRIMARY KEY (`id`)
) ENGINE=InnoDB  DEFAULT CHARSET=latin1 AUTO_INCREMENT=15 ;

--
-- Дамп даних таблиці `subjects`
--

INSERT INTO `subjects` (`id`, `sname`) VALUES
(3, 'OKM'),
(12, 'ООП'),
(13, 'ОПІ'),
(14, 'Новий предмет');

-- --------------------------------------------------------

--
-- Структура таблиці `testandgr`
--

CREATE TABLE IF NOT EXISTS `testandgr` (
  `idtest` int(11) NOT NULL COMMENT 'id тесту',
  `idgroup` int(11) NOT NULL COMMENT 'id групи'
) ENGINE=InnoDB DEFAULT CHARSET=latin1 COMMENT='Таблиця розшарення тестів для груп';

--
-- Дамп даних таблиці `testandgr`
--

INSERT INTO `testandgr` (`idtest`, `idgroup`) VALUES
(77, 8),
(71, 8),
(72, 8),
(73, 8),
(75, 8),
(77, 1),
(87, 8),
(88, 8),
(91, 8);

-- --------------------------------------------------------

--
-- Структура таблиці `tests`
--

CREATE TABLE IF NOT EXISTS `tests` (
  `id` int(11) NOT NULL AUTO_INCREMENT COMMENT 'serial',
  `idsub` int(11) NOT NULL COMMENT 'serial_of_subject',
  `name` text CHARACTER SET utf8 COLLATE utf8_unicode_ci NOT NULL COMMENT 'name_of_test',
  `cost1` int(11) NOT NULL DEFAULT '1',
  `cost2` int(11) NOT NULL DEFAULT '1',
  `cost3` int(11) NOT NULL DEFAULT '1',
  PRIMARY KEY (`id`)
) ENGINE=InnoDB  DEFAULT CHARSET=latin1 AUTO_INCREMENT=78 ;

--
-- Дамп даних таблиці `tests`
--

INSERT INTO `tests` (`id`, `idsub`, `name`, `cost1`, `cost2`, `cost3`) VALUES
(71, 12, 'Студентський тест', 1, 2, 3),
(72, 12, 'Логічний тест', 1, 1, 1),
(73, 12, 'Звичайний тест', 1, 1, 1),
(75, 12, 'Показовий тест', 1, 1, 1),
(77, 12, 'Тест на екзамен', 1, 1, 1);

-- --------------------------------------------------------

--
-- Структура таблиці `tsession`
--

CREATE TABLE IF NOT EXISTS `tsession` (
  `id` int(11) NOT NULL AUTO_INCREMENT,
  `iduser` int(11) NOT NULL,
  `idtest` int(11) NOT NULL,
  `mark` float NOT NULL,
  `sdata` datetime NOT NULL,
  PRIMARY KEY (`id`)
) ENGINE=InnoDB  DEFAULT CHARSET=latin1 COMMENT='Таблиця сесій тестування користувачів' AUTO_INCREMENT=79 ;

--
-- Дамп даних таблиці `tsession`
--

INSERT INTO `tsession` (`id`, `iduser`, `idtest`, `mark`, `sdata`) VALUES
(4, 12, 71, 4, '2014-05-07 10:49:32'),
(5, 12, 71, 3, '2014-05-07 10:49:56'),
(6, 12, 71, 2, '2014-05-07 10:50:12'),
(7, 12, 75, 5, '2014-05-13 00:51:43'),
(21, 45, 77, 4, '2014-05-18 16:53:17'),
(22, 33, 77, 5, '2014-05-18 17:03:30'),
(23, 38, 77, 3, '2014-05-18 17:29:17'),
(24, 38, 77, 5, '2014-05-18 18:35:22'),
(25, 32, 77, 4, '2014-05-18 19:27:49'),
(26, 38, 77, 5, '2014-05-18 19:44:49'),
(27, 36, 77, 5, '2014-05-18 19:49:18'),
(28, 29, 77, 5, '2014-05-18 19:51:20'),
(29, 36, 77, 5, '2014-05-18 19:58:25'),
(30, 33, 77, 5, '2014-05-18 20:39:14'),
(31, 44, 77, 4, '2014-05-18 20:44:38'),
(32, 31, 77, 2, '2014-05-18 20:51:43'),
(33, 37, 76, 2, '2014-05-18 21:06:25'),
(34, 37, 77, 2, '2014-05-18 21:07:40'),
(35, 37, 67, 2, '2014-05-18 21:08:29'),
(36, 47, 77, 4, '2014-05-18 21:46:34'),
(37, 34, 77, 4, '2014-05-18 22:20:22'),
(38, 29, 77, 5, '2014-05-18 23:06:09'),
(39, 29, 77, 5, '2014-05-18 23:14:19'),
(40, 29, 77, 5, '2014-05-18 23:23:41'),
(41, 41, 77, 3, '2014-05-18 23:41:43'),
(42, 36, 77, 5, '2014-05-18 23:48:46'),
(43, 41, 77, 5, '2014-05-18 23:56:34'),
(44, 41, 77, 5, '2014-05-19 00:14:10'),
(45, 34, 77, 5, '2014-05-19 00:33:01'),
(46, 34, 77, 5, '2014-05-19 00:38:58'),
(47, 34, 77, 5, '2014-05-19 00:43:47'),
(48, 47, 77, 5, '2014-05-19 02:32:14'),
(49, 34, 77, 5, '2014-05-19 02:49:39'),
(50, 47, 77, 5, '2014-05-19 02:52:32'),
(51, 34, 77, 5, '2014-05-19 02:56:54'),
(52, 34, 77, 2, '2014-05-19 05:10:27'),
(53, 34, 77, 5, '2014-05-19 05:14:13'),
(54, 30, 77, 5, '2014-05-19 07:31:08'),
(55, 30, 77, 5, '2014-05-19 07:39:46'),
(56, 36, 77, 5, '2014-05-19 08:15:46'),
(57, 38, 77, 5, '2014-05-19 08:31:51'),
(58, 47, 77, 5, '2014-05-19 08:37:03'),
(59, 39, 77, 5, '2014-05-19 08:41:45'),
(60, 33, 77, 5, '2014-05-19 08:53:37'),
(61, 39, 77, 4, '2014-05-19 09:02:26'),
(62, 28, 77, 5, '2014-05-19 09:10:45'),
(63, 27, 77, 4, '2014-05-19 09:17:49'),
(64, 28, 77, 4, '2014-05-19 09:19:04'),
(65, 28, 77, 4, '2014-05-19 09:34:46'),
(66, 31, 77, 5, '2014-05-19 10:03:36'),
(67, 31, 77, 5, '2014-05-19 10:10:33'),
(68, 32, 77, 5, '2014-05-19 10:38:23'),
(69, 28, 77, 5, '2014-05-19 13:12:54'),
(70, 45, 73, 2, '2014-06-19 15:56:28'),
(71, 45, 73, 3, '2014-06-19 16:00:08'),
(72, 45, 73, 5, '2014-06-19 16:02:35'),
(73, 45, 75, 5, '2014-06-19 16:15:42'),
(74, 45, 73, 2, '2014-06-19 16:17:29'),
(75, 45, 73, 3, '2014-06-19 16:21:11'),
(76, 45, 87, 5, '2014-06-25 17:29:40'),
(77, 45, 88, 5, '2014-06-25 17:34:44'),
(78, 45, 91, 5, '2014-06-25 17:48:42');

-- --------------------------------------------------------

--
-- Структура таблиці `usandgr`
--

CREATE TABLE IF NOT EXISTS `usandgr` (
  `iduser` int(11) NOT NULL COMMENT 'серійний_юзера',
  `idgroup` int(11) NOT NULL COMMENT 'серійний_групи'
) ENGINE=InnoDB DEFAULT CHARSET=latin1 COMMENT='таблиця_входження_юзерів_у_групи';

--
-- Дамп даних таблиці `usandgr`
--

INSERT INTO `usandgr` (`iduser`, `idgroup`) VALUES
(26, 8),
(27, 8),
(28, 8),
(29, 8),
(30, 8),
(31, 8),
(32, 8),
(33, 8),
(34, 8),
(35, 8),
(36, 8),
(37, 8),
(38, 8),
(39, 8),
(40, 8),
(41, 8),
(42, 8),
(43, 8),
(44, 8),
(45, 8),
(46, 8),
(47, 8),
(48, 8);

-- --------------------------------------------------------

--
-- Структура таблиці `users`
--

CREATE TABLE IF NOT EXISTS `users` (
  `id` int(11) NOT NULL AUTO_INCREMENT COMMENT 'serial',
  `name` text CHARACTER SET utf8 COLLATE utf8_unicode_ci NOT NULL COMMENT 'username',
  `password` text CHARACTER SET utf8 COLLATE utf8_unicode_ci NOT NULL COMMENT 'userpassword',
  `ugroup` text CHARACTER SET utf8 COLLATE utf8_unicode_ci NOT NULL COMMENT 'group',
  PRIMARY KEY (`id`)
) ENGINE=InnoDB  DEFAULT CHARSET=latin1 COMMENT='tabel of users' AUTO_INCREMENT=49 ;

--
-- Дамп даних таблиці `users`
--

INSERT INTO `users` (`id`, `name`, `password`, `ugroup`) VALUES
(11, 'admin', 'qwe123', 'admins'),
(13, 'ross', 'sunshine', 'admins'),
(26, 'user1', 'user1', 'users'),
(27, 'user2', 'user2', 'users'),
(28, 'user3', 'user3', 'users'),
(29, 'user4', 'user4', 'users'),
(30, 'user5', 'user5', 'users'),
(31, 'user6', 'user6', 'users'),
(32, 'user7', 'user7', 'users'),
(33, 'user8', 'user8', 'users'),
(34, 'user9', 'user9', 'users'),
(35, 'user10', 'user10', 'users'),
(36, 'user11', 'user11', 'users'),
(37, 'user12', 'user12', 'users'),
(38, 'user13', 'user13', 'users'),
(39, 'user14', 'user14', 'users'),
(40, 'user15', 'user15', 'users'),
(41, 'user16', 'user16', 'users'),
(42, 'user17', 'user17', 'users'),
(43, 'user18', 'user18', 'users'),
(44, 'user19', 'user19', 'users'),
(45, 'user20', 'user20', 'users'),
(46, 'user21', 'user21', 'users'),
(47, 'user22', 'user22', 'users'),
(48, 'user23', 'user23', 'users');

-- --------------------------------------------------------

--
-- Структура таблиці `usinfo`
--

CREATE TABLE IF NOT EXISTS `usinfo` (
  `id` int(11) NOT NULL COMMENT 'id юзера',
  `fname` text CHARACTER SET utf8 COLLATE utf8_unicode_ci NOT NULL COMMENT 'Імя',
  `lastname` text CHARACTER SET utf8 COLLATE utf8_unicode_ci NOT NULL COMMENT 'Прізвище',
  `fathname` text CHARACTER SET utf8 COLLATE utf8_unicode_ci NOT NULL COMMENT 'По-батькові'
) ENGINE=InnoDB DEFAULT CHARSET=latin1 COMMENT='Додаткова інформація користувачів';

--
-- Дамп даних таблиці `usinfo`
--

INSERT INTO `usinfo` (`id`, `fname`, `lastname`, `fathname`) VALUES
(12, 'Ростислав', 'Сафонов', 'Русланович'),
(19, 'Анна', 'Ковтонюк', ''),
(21, 'Дмитро', 'Мацюк', 'Віталійович'),
(22, '', 'Качинський', ''),
(26, '', 'Варук', ''),
(27, '', 'Гадайчук', ''),
(28, '', 'Гут', ''),
(29, '', 'Денін', ''),
(30, '', 'Дзюбій', ''),
(31, '', 'Ковалик', ''),
(32, '', 'Ковпак', ''),
(33, '', 'Ковтонюк', ''),
(34, '', 'Козачок', ''),
(35, '', 'Король', ''),
(36, '', 'Красільніков', ''),
(37, '', 'Лоран', ''),
(38, '', 'Мацьков', ''),
(39, '', 'Мацюк', ''),
(40, '', 'Медцовський', ''),
(41, '', 'Москальчук', ''),
(42, '', 'Приймак', ''),
(43, '', 'Пятін', ''),
(45, '', 'Сафонов', ''),
(46, '', 'Собчук', ''),
(47, '', 'Стефанович', ''),
(48, '', 'Шулик', ''),
(44, '', 'Рихлінський', ''),
(52, '', 'Качинський', '');

/*!40101 SET CHARACTER_SET_CLIENT=@OLD_CHARACTER_SET_CLIENT */;
/*!40101 SET CHARACTER_SET_RESULTS=@OLD_CHARACTER_SET_RESULTS */;
/*!40101 SET COLLATION_CONNECTION=@OLD_COLLATION_CONNECTION */;
